Workbook

Sheet NALOZI
A1: PLAN PROIZVODNJE - NALOZI
A2: Plava polja su za unos. Unesi ili ŽELJENI REDOSLIJED ili NAJRANIJI POČETAK (ne oboje).
A4: RN ID | B4: OPIS | C4: NAPOMENA | D4: ROK ISPORUKE | E4: STROJ | F4: TRAJANJE (h) | G4: ŽELJENI REDOSLIJED | H4: NAJRANIJI POČETAK | I4: POČETAK DAN | J4: POČETAK SATI | K4: KRAJ DAN | L4: KRAJ | M4: STATUS | N4: STANJE | O4: IZVEDBA | P4: _START_DT | Q4: _END_DT | R4: _FIXED_START_DT | S4: _ORDER_PREV_END | T4: _ORDER_START_DT | U4: _OVERLAP_COUNT | V4: _INPUT_ERR | W4: _ROW_ACTIVE
I5: =IF($P5="","",TEXT($P5,"ddd dd.mm")) | J5: =IF($P5="","",TEXT($P5,"hh:mm")) | K5: =IF($Q5="","",TEXT($Q5,"ddd dd.mm")) | L5: =IF($Q5="","",TEXT($Q5,"hh:mm")) | M5: =IF($W5=0,"",IF($V5=1,"GREŠKA UNOSA",IF($P5="","NEMA RASPOREDA",IF($U5>0,"PREKLAPANJE","OK")))) | N5: =IF(OR($D5="",$Q5=""),"",IF(INT($Q5)>INT($D5),"KASNI","NA VRIJEME")) | P5: =IF($W5=0,"",IF($V5=1,"",IF($H5<>"",$R5,IF($G5<>"",$T5,"")))) | Q5: =IF(OR($P5="",$F5=""),"",IF(HOUR($P5)+MINUTE($P5)/60+$F5<=15,$P5+$F5/24,LET(rem,15-(HOUR($P5)+MINUTE($P5)/60),ovf,$F5-rem,fd,INT(ovf/8),rh,MOD(ovf,8),IF(rh=0,WORKDAY.INTL(INT($P5),fd,"0000011")+TIME(15,0,0),WORKDAY.INTL(INT($P5),fd+1,"0000011")+TIME(7+rh,0,0))))) | R5: =IF($H5="","",INT($H5)+TIME(7,0,0)) | S5: =IF(OR($G5="",$E5=""),"",LET(prev,MAXIFS($Q$5:$Q$304,$E$5:$E$304,$E5,$G$5:$G$304,"<"&$G5),IF(prev=0,"",prev))) | T5: =IF(OR($G5="",$E5=""),"",IF($G5=1,GANT!$B$2+TIME(7,0,0),$S5)) | U5: =IF(OR($P5="",$Q5="",$E5=""),0,COUNTIFS($E$5:$E$304,$E5,$P$5:$P$304,"<"&$Q5,$Q$5:$Q$304,">"&$P5)-1) | V5: =IF(AND($G5<>"",$H5<>""),1,0) | W5: =IF(OR($A5<>"",$E5<>"",$F5<>""),1,0)
I6: =IF($P6="","",TEXT($P6,"ddd dd.mm")) | J6: =IF($P6="","",TEXT($P6,"hh:mm")) | K6: =IF($Q6="","",TEXT($Q6,"ddd dd.mm")) | L6: =IF($Q6="","",TEXT($Q6,"hh:mm")) | M6: =IF($W6=0,"",IF($V6=1,"GREŠKA UNOSA",IF($P6="","NEMA RASPOREDA",IF($U6>0,"PREKLAPANJE","OK")))) | N6: =IF(OR($D6="",$Q6=""),"",IF(INT($Q6)>INT($D6),"KASNI","NA VRIJEME")) | P6: =IF($W6=0,"",IF($V6=1,"",IF($H6<>"",$R6,IF($G6<>"",$T6,"")))) | Q6: =IF(OR($P6="",$F6=""),"",IF(HOUR($P6)+MINUTE($P6)/60+$F6<=15,$P6+$F6/24,LET(rem,15-(HOUR($P6)+MINUTE($P6)/60),ovf,$F6-rem,fd,INT(ovf/8),rh,MOD(ovf,8),IF(rh=0,WORKDAY.INTL(INT($P6),fd,"0000011")+TIME(15,0,0),WORKDAY.INTL(INT($P6),fd+1,"0000011")+TIME(7+rh,0,0))))) | R6: =IF($H6="","",INT($H6)+TIME(7,0,0)) | S6: =IF(OR($G6="",$E6=""),"",LET(prev,MAXIFS($Q$5:$Q$304,$E$5:$E$304,$E6,$G$5:$G$304,"<"&$G6),IF(prev=0,"",prev))) | T6: =IF(OR($G6="",$E6=""),"",IF($G6=1,GANT!$B$2+TIME(7,0,0),$S6)) | U6: =IF(OR($P6="",$Q6="",$E6=""),0,COUNTIFS($E$5:$E$304,$E6,$P$5:$P$304,"<"&$Q6,$Q$5:$Q$304,">"&$P6)-1) | V6: =IF(AND($G6<>"",$H6<>""),1,0) | W6: =IF(OR($A6<>"",$E6<>"",$F6<>""),1,0)
I7: =IF($P7="","",TEXT($P7,"ddd dd.mm")) | J7: =IF($P7="","",TEXT($P7,"hh:mm")) | K7: =IF($Q7="","",TEXT($Q7,"ddd dd.mm")) | L7: =IF($Q7="","",TEXT($Q7,"hh:mm")) | M7: =IF($W7=0,"",IF($V7=1,"GREŠKA UNOSA",IF($P7="","NEMA RASPOREDA",IF($U7>0,"PREKLAPANJE","OK")))) | N7: =IF(OR($D7="",$Q7=""),"",IF(INT($Q7)>INT($D7),"KASNI","NA VRIJEME")) | P7: =IF($W7=0,"",IF($V7=1,"",IF($H7<>"",$R7,IF($G7<>"",$T7,"")))) | Q7: =IF(OR($P7="",$F7=""),"",IF(HOUR($P7)+MINUTE($P7)/60+$F7<=15,$P7+$F7/24,LET(rem,15-(HOUR($P7)+MINUTE($P7)/60),ovf,$F7-rem,fd,INT(ovf/8),rh,MOD(ovf,8),IF(rh=0,WORKDAY.INTL(INT($P7),fd,"0000011")+TIME(15,0,0),WORKDAY.INTL(INT($P7),fd+1,"0000011")+TIME(7+rh,0,0))))) | R7: =IF($H7="","",INT($H7)+TIME(7,0,0)) | S7: =IF(OR($G7="",$E7=""),"",LET(prev,MAXIFS($Q$5:$Q$304,$E$5:$E$304,$E7,$G$5:$G$304,"<"&$G7),IF(prev=0,"",prev))) | T7: =IF(OR($G7="",$E7=""),"",IF($G7=1,GANT!$B$2+TIME(7,0,0),$S7)) | U7: =IF(OR($P7="",$Q7="",$E7=""),0,COUNTIFS($E$5:$E$304,$E7,$P$5:$P$304,"<"&$Q7,$Q$5:$Q$304,">"&$P7)-1) | V7: =IF(AND($G7<>"",$H7<>""),1,0) | W7: =IF(OR($A7<>"",$E7<>"",$F7<>""),1,0)
I8: =IF($P8="","",TEXT($P8,"ddd dd.mm")) | J8: =IF($P8="","",TEXT($P8,"hh:mm")) | K8: =IF($Q8="","",TEXT($Q8,"ddd dd.mm")) | L8: =IF($Q8="","",TEXT($Q8,"hh:mm")) | M8: =IF($W8=0,"",IF($V8=1,"GREŠKA UNOSA",IF($P8="","NEMA RASPOREDA",IF($U8>0,"PREKLAPANJE","OK")))) | N8: =IF(OR($D8="",$Q8=""),"",IF(INT($Q8)>INT($D8),"KASNI","NA VRIJEME")) | P8: =IF($W8=0,"",IF($V8=1,"",IF($H8<>"",$R8,IF($G8<>"",$T8,"")))) | Q8: =IF(OR($P8="",$F8=""),"",IF(HOUR($P8)+MINUTE($P8)/60+$F8<=15,$P8+$F8/24,LET(rem,15-(HOUR($P8)+MINUTE($P8)/60),ovf,$F8-rem,fd,INT(ovf/8),rh,MOD(ovf,8),IF(rh=0,WORKDAY.INTL(INT($P8),fd,"0000011")+TIME(15,0,0),WORKDAY.INTL(INT($P8),fd+1,"0000011")+TIME(7+rh,0,0))))) | R8: =IF($H8="","",INT($H8)+TIME(7,0,0)) | S8: =IF(OR($G8="",$E8=""),"",LET(prev,MAXIFS($Q$5:$Q$304,$E$5:$E$304,$E8,$G$5:$G$304,"<"&$G8),IF(prev=0,"",prev))) | T8: =IF(OR($G8="",$E8=""),"",IF($G8=1,GANT!$B$2+TIME(7,0,0),$S8)) | U8: =IF(OR($P8="",$Q8="",$E8=""),0,COUNTIFS($E$5:$E$304,$E8,$P$5:$P$304,"<"&$Q8,$Q$5:$Q$304,">"&$P8)-1) | V8: =IF(AND($G8<>"",$H8<>""),1,0) | W8: =IF(OR($A8<>"",$E8<>"",$F8<>""),1,0)
I9: =IF($P9="","",TEXT($P9,"ddd dd.mm")) | J9: =IF($P9="","",TEXT($P9,"hh:mm")) | K9: =IF($Q9="","",TEXT($Q9,"ddd dd.mm")) | L9: =IF($Q9="","",TEXT($Q9,"hh:mm")) | M9: =IF($W9=0,"",IF($V9=1,"GREŠKA UNOSA",IF($P9="","NEMA RASPOREDA",IF($U9>0,"PREKLAPANJE","OK")))) | N9: =IF(OR($D9="",$Q9=""),"",IF(INT($Q9)>INT($D9),"KASNI","NA VRIJEME")) | P9: =IF($W9=0,"",IF($V9=1,"",IF($H9<>"",$R9,IF($G9<>"",$T9,"")))) | Q9: =IF(OR($P9="",$F9=""),"",IF(HOUR($P9)+MINUTE($P9)/60+$F9<=15,$P9+$F9/24,LET(rem,15-(HOUR($P9)+MINUTE($P9)/60),ovf,$F9-rem,fd,INT(ovf/8),rh,MOD(ovf,8),IF(rh=0,WORKDAY.INTL(INT($P9),fd,"0000011")+TIME(15,0,0),WORKDAY.INTL(INT($P9),fd+1,"0000011")+TIME(7+rh,0,0))))) | R9: =IF($H9="","",INT($H9)+TIME(7,0,0)) | S9: =IF(OR($G9="",$E9=""),"",LET(prev,MAXIFS($Q$5:$Q$304,$E$5:$E$304,$E9,$G$5:$G$304,"<"&$G9),IF(prev=0,"",prev))) | T9: =IF(OR($G9="",$E9=""),"",IF($G9=1,GANT!$B$2+TIME(7,0,0),$S9)) | U9: =IF(OR($P9="",$Q9="",$E9=""),0,COUNTIFS($E$5:$E$304,$E9,$P$5:$P$304,"<"&$Q9,$Q$5:$Q$304,">"&$P9)-1) | V9: =IF(AND($G9<>"",$H9<>""),1,0) | W9: =IF(OR($A9<>"",$E9<>"",$F9<>""),1,0)
I10: =IF($P10="","",TEXT($P10,"ddd dd.mm")) | J10: =IF($P10="","",TEXT($P10,"hh:mm")) | K10: =IF($Q10="","",TEXT($Q10,"ddd dd.mm")) | L10: =IF($Q10="","",TEXT($Q10,"hh:mm")) | M10: =IF($W10=0,"",IF($V10=1,"GREŠKA UNOSA",IF($P10="","NEMA RASPOREDA",IF($U10>0,"PREKLAPANJE","OK")))) | N10: =IF(OR($D10="",$Q10=""),"",IF(INT($Q10)>INT($D10),"KASNI","NA VRIJEME")) | P10: =IF($W10=0,"",IF($V10=1,"",IF($H10<>"",$R10,IF($G10<>"",$T10,"")))) | Q10: =IF(OR($P10="",$F10=""),"",IF(HOUR($P10)+MINUTE($P10)/60+$F10<=15,$P10+$F10/24,LET(rem,15-(HOUR($P10)+MINUTE($P10)/60),ovf,$F10-rem,fd,INT(ovf/8),rh,MOD(ovf,8),IF(rh=0,WORKDAY.INTL(INT($P10),fd,"0000011")+TIME(15,0,0),WORKDAY.INTL(INT($P10),fd+1,"0000011")+TIME(7+rh,0,0))))) | R10: =IF($H10="","",INT($H10)+TIME(7,0,0)) | S10: =IF(OR($G10="",$E10=""),"",LET(prev,MAXIFS($Q$5:$Q$304,$E$5:$E$304,$E10,$G$5:$G$304,"<"&$G10),IF(prev=0,"",prev))) | T10: =IF(OR($G10="",$E10=""),"",IF($G10=1,GANT!$B$2+TIME(7,0,0),$S10)) | U10: =IF(OR($P10="",$Q10="",$E10=""),0,COUNTIFS($E$5:$E$304,$E10,$P$5:$P$304,"<"&$Q10,$Q$5:$Q$304,">"&$P10)-1) | V10: =IF(AND($G10<>"",$H10<>""),1,0) | W10: =IF(OR($A10<>"",$E10<>"",$F10<>""),1,0)
I11: =IF($P11="","",TEXT($P11,"ddd dd.mm")) | J11: =IF($P11="","",TEXT($P11,"hh:mm")) | K11: =IF($Q11="","",TEXT($Q11,"ddd dd.mm")) | L11: =IF($Q11="","",TEXT($Q11,"hh:mm")) | M11: =IF($W11=0,"",IF($V11=1,"GREŠKA UNOSA",IF($P11="","NEMA RASPOREDA",IF($U11>0,"PREKLAPANJE","OK")))) | N11: =IF(OR($D11="",$Q11=""),"",IF(INT($Q11)>INT($D11),"KASNI","NA VRIJEME")) | P11: =IF($W11=0,"",IF($V11=1,"",IF($H11<>"",$R11,IF($G11<>"",$T11,"")))) | Q11: =IF(OR($P11="",$F11=""),"",IF(HOUR($P11)+MINUTE($P11)/60+$F11<=15,$P11+$F11/24,LET(rem,15-(HOUR($P11)+MINUTE($P11)/60),ovf,$F11-rem,fd,INT(ovf/8),rh,MOD(ovf,8),IF(rh=0,WORKDAY.INTL(INT($P11),fd,"0000011")+TIME(15,0,0),WORKDAY.INTL(INT($P11),fd+1,"0000011")+TIME(7+rh,0,0))))) | R11: =IF($H11="","",INT($H11)+TIME(7,0,0)) | S11: =IF(OR($G11="",$E11=""),"",LET(prev,MAXIFS($Q$5:$Q$304,$E$5:$E$304,$E11,$G$5:$G$304,"<"&$G11),IF(prev=0,"",prev))) | T11: =IF(OR($G11="",$E11=""),"",IF($G11=1,GANT!$B$2+TIME(7,0,0),$S11)) | U11: =IF(OR($P11="",$Q11="",$E11=""),0,COUNTIFS($E$5:$E$304,$E11,$P$5:$P$304,"<"&$Q11,$Q$5:$Q$304,">"&$P11)-1) | V11: =IF(AND($G11<>"",$H11<>""),1,0) | W11: =IF(OR($A11<>"",$E11<>"",$F11<>""),1,0)
I12: =IF($P12="","",TEXT($P12,"ddd dd.mm")) | J12: =IF($P12="","",TEXT($P12,"hh:mm")) | K12: =IF($Q12="","",TEXT($Q12,"ddd dd.mm")) | L12: =IF($Q12="","",TEXT($Q12,"hh:mm")) | M12: =IF($W12=0,"",IF($V12=1,"GREŠKA UNOSA",IF($P12="","NEMA RASPOREDA",IF($U12>0,"PREKLAPANJE","OK")))) | N12: =IF(OR($D12="",$Q12=""),"",IF(INT($Q12)>INT($D12),"KASNI","NA VRIJEME")) | P12: =IF($W12=0,"",IF($V12=1,"",IF($H12<>"",$R12,IF($G12<>"",$T12,"")))) | Q12: =IF(OR($P12="",$F12=""),"",IF(HOUR($P12)+MINUTE($P12)/60+$F12<=15,$P12+$F12/24,LET(rem,15-(HOUR($P12)+MINUTE($P12)/60),ovf,$F12-rem,fd,INT(ovf/8),rh,MOD(ovf,8),IF(rh=0,WORKDAY.INTL(INT($P12),fd,"0000011")+TIME(15,0,0),WORKDAY.INTL(INT($P12),fd+1,"0000011")+TIME(7+rh,0,0))))) | R12: =IF($H12="","",INT($H12)+TIME(7,0,0)) | S12: =IF(OR($G12="",$E12=""),"",LET(prev,MAXIFS($Q$5:$Q$304,$E$5:$E$304,$E12,$G$5:$G$304,"<"&$G12),IF(prev=0,"",prev))) | T12: =IF(OR($G12="",$E12=""),"",IF($G12=1,GANT!$B$2+TIME(7,0,0),$S12)) | U12: =IF(OR($P12="",$Q12="",$E12=""),0,COUNTIFS($E$5:$E$304,$E12,$P$5:$P$304,"<"&$Q12,$Q$5:$Q$304,">"&$P12)-1) | V12: =IF(AND($G12<>"",$H12<>""),1,0) | W12: =IF(OR($A12<>"",$E12<>"",$F12<>""),1,0)
I13: =IF($P13="","",TEXT($P13,"ddd dd.mm")) | J13: =IF($P13="","",TEXT($P13,"hh:mm")) | K13: =IF($Q13="","",TEXT($Q13,"ddd dd.mm")) | L13: =IF($Q13="","",TEXT($Q13,"hh:mm")) | M13: =IF($W13=0,"",IF($V13=1,"GREŠKA UNOSA",IF($P13="","NEMA RASPOREDA",IF($U13>0,"PREKLAPANJE","OK")))) | N13: =IF(OR($D13="",$Q13=""),"",IF(INT($Q13)>INT($D13),"KASNI","NA VRIJEME")) | P13: =IF($W13=0,"",IF($V13=1,"",IF($H13<>"",$R13,IF($G13<>"",$T13,"")))) | Q13: =IF(OR($P13="",$F13=""),"",IF(HOUR($P13)+MINUTE($P13)/60+$F13<=15,$P13+$F13/24,LET(rem,15-(HOUR($P13)+MINUTE($P13)/60),ovf,$F13-rem,fd,INT(ovf/8),rh,MOD(ovf,8),IF(rh=0,WORKDAY.INTL(INT($P13),fd,"0000011")+TIME(15,0,0),WORKDAY.INTL(INT($P13),fd+1,"0000011")+TIME(7+rh,0,0))))) | R13: =IF($H13="","",INT($H13)+TIME(7,0,0)) | S13: =IF(OR($G13="",$E13=""),"",LET(prev,MAXIFS($Q$5:$Q$304,$E$5:$E$304,$E13,$G$5:$G$304,"<"&$G13),IF(prev=0,"",prev))) | T13: =IF(OR($G13="",$E13=""),"",IF($G13=1,GANT!$B$2+TIME(7,0,0),$S13)) | U13: =IF(OR($P13="",$Q13="",$E13=""),0,COUNTIFS($E$5:$E$304,$E13,$P$5:$P$304,"<"&$Q13,$Q$5:$Q$304,">"&$P13)-1) | V13: =IF(AND($G13<>"",$H13<>""),1,0) | W13: =IF(OR($A13<>"",$E13<>"",$F13<>""),1,0)
I14: =IF($P14="","",TEXT($P14,"ddd dd.mm")) | J14: =IF($P14="","",TEXT($P14,"hh:mm")) | K14: =IF($Q14="","",TEXT($Q14,"ddd dd.mm")) | L14: =IF($Q14="","",TEXT($Q14,"hh:mm")) | M14: =IF($W14=0,"",IF($V14=1,"GREŠKA UNOSA",IF($P14="","NEMA RASPOREDA",IF($U14>0,"PREKLAPANJE","OK")))) | N14: =IF(OR($D14="",$Q14=""),"",IF(INT($Q14)>INT($D14),"KASNI","NA VRIJEME")) | P14: =IF($W14=0,"",IF($V14=1,"",IF($H14<>"",$R14,IF($G14<>"",$T14,"")))) | Q14: =IF(OR($P14="",$F14=""),"",IF(HOUR($P14)+MINUTE($P14)/60+$F14<=15,$P14+$F14/24,LET(rem,15-(HOUR($P14)+MINUTE($P14)/60),ovf,$F14-rem,fd,INT(ovf/8),rh,MOD(ovf,8),IF(rh=0,WORKDAY.INTL(INT($P14),fd,"0000011")+TIME(15,0,0),WORKDAY.INTL(INT($P14),fd+1,"0000011")+TIME(7+rh,0,0))))) | R14: =IF($H14="","",INT($H14)+TIME(7,0,0)) | S14: =IF(OR($G14="",$E14=""),"",LET(prev,MAXIFS($Q$5:$Q$304,$E$5:$E$304,$E14,$G$5:$G$304,"<"&$G14),IF(prev=0,"",prev))) | T14: =IF(OR($G14="",$E14=""),"",IF($G14=1,GANT!$B$2+TIME(7,0,0),$S14)) | U14: =IF(OR($P14="",$Q14="",$E14=""),0,COUNTIFS($E$5:$E$304,$E14,$P$5:$P$304,"<"&$Q14,$Q$5:$Q$304,">"&$P14)-1) | V14: =IF(AND($G14<>"",$H14<>""),1,0) | W14: =IF(OR($A14<>"",$E14<>"",$F14<>""),1,0)
I15: =IF($P15="","",TEXT($P15,"ddd dd.mm")) | J15: =IF($P15="","",TEXT($P15,"hh:mm")) | K15: =IF($Q15="","",TEXT($Q15,"ddd dd.mm")) | L15: =IF($Q15="","",TEXT($Q15,"hh:mm")) | M15: =IF($W15=0,"",IF($V15=1,"GREŠKA UNOSA",IF($P15="","NEMA RASPOREDA",IF($U15>0,"PREKLAPANJE","OK")))) | N15: =IF(OR($D15="",$Q15=""),"",IF(INT($Q15)>INT($D15),"KASNI","NA VRIJEME")) | P15: =IF($W15=0,"",IF($V15=1,"",IF($H15<>"",$R15,IF($G15<>"",$T15,"")))) | Q15: =IF(OR($P15="",$F15=""),"",IF(HOUR($P15)+MINUTE($P15)/60+$F15<=15,$P15+$F15/24,LET(rem,15-(HOUR($P15)+MINUTE($P15)/60),ovf,$F15-rem,fd,INT(ovf/8),rh,MOD(ovf,8),IF(rh=0,WORKDAY.INTL(INT($P15),fd,"0000011")+TIME(15,0,0),WORKDAY.INTL(INT($P15),fd+1,"0000011")+TIME(7+rh,0,0))))) | R15: =IF($H15="","",INT($H15)+TIME(7,0,0)) | S15: =IF(OR($G15="",$E15=""),"",LET(prev,MAXIFS($Q$5:$Q$304,$E$5:$E$304,$E15,$G$5:$G$304,"<"&$G15),IF(prev=0,"",prev))) | T15: =IF(OR($G15="",$E15=""),"",IF($G15=1,GANT!$B$2+TIME(7,0,0),$S15)) | U15: =IF(OR($P15="",$Q15="",$E15=""),0,COUNTIFS($E$5:$E$304,$E15,$P$5:$P$304,"<"&$Q15,$Q$5:$Q$304,">"&$P15)-1) | V15: =IF(AND($G15<>"",$H15<>""),1,0) | W15: =IF(OR($A15<>"",$E15<>"",$F15<>""),1,0)
I16: =IF($P16="","",TEXT($P16,"ddd dd.mm")) | J16: =IF($P16="","",TEXT($P16,"hh:mm")) | K16: =IF($Q16="","",TEXT($Q16,"ddd dd.mm")) | L16: =IF($Q16="","",TEXT($Q16,"hh:mm")) | M16: =IF($W16=0,"",IF($V16=1,"GREŠKA UNOSA",IF($P16="","NEMA RASPOREDA",IF($U16>0,"PREKLAPANJE","OK")))) | N16: =IF(OR($D16="",$Q16=""),"",IF(INT($Q16)>INT($D16),"KASNI","NA VRIJEME")) | P16: =IF($W16=0,"",IF($V16=1,"",IF($H16<>"",$R16,IF($G16<>"",$T16,"")))) | Q16: =IF(OR($P16="",$F16=""),"",IF(HOUR($P16)+MINUTE($P16)/60+$F16<=15,$P16+$F16/24,LET(rem,15-(HOUR($P16)+MINUTE($P16)/60),ovf,$F16-rem,fd,INT(ovf/8),rh,MOD(ovf,8),IF(rh=0,WORKDAY.INTL(INT($P16),fd,"0000011")+TIME(15,0,0),WORKDAY.INTL(INT($P16),fd+1,"0000011")+TIME(7+rh,0,0))))) | R16: =IF($H16="","",INT($H16)+TIME(7,0,0)) | S16: =IF(OR($G16="",$E16=""),"",LET(prev,MAXIFS($Q$5:$Q$304,$E$5:$E$304,$E16,$G$5:$G$304,"<"&$G16),IF(prev=0,"",prev))) | T16: =IF(OR($G16="",$E16=""),"",IF($G16=1,GANT!$B$2+TIME(7,0,0),$S16)) | U16: =IF(OR($P16="",$Q16="",$E16=""),0,COUNTIFS($E$5:$E$304,$E16,$P$5:$P$304,"<"&$Q16,$Q$5:$Q$304,">"&$P16)-1) | V16: =IF(AND($G16<>"",$H16<>""),1,0) | W16: =IF(OR($A16<>"",$E16<>"",$F16<>""),1,0)
... I304: =IF($P304="","",TEXT($P304,"ddd dd.mm")) | J304: =IF($P304="","",TEXT($P304,"hh:mm")) | K304: =IF($Q304="","",TEXT($Q304,"ddd dd.mm")) | L304: =IF($Q304="","",TEXT($Q304,"hh:mm")) | M304: =IF($W304=0,"",IF($V304=1,"GREŠKA UNOSA",IF($P304="","NEMA RASPOREDA",IF($U304>0,"PREKLAPANJE","OK")))) | N304: =IF(OR($D304="",$Q304=""),"",IF(INT($Q304)>INT($D304),"KASNI","NA VRIJEME")) | P304: =IF($W304=0,"",IF($V304=1,"",IF($H304<>"",$R304,IF($G304<>"",$T304,"")))) | Q304: =IF(OR($P304="",$F304=""),"",IF(HOUR($P304)+MINUTE($P304)/60+$F304<=15,$P304+$F304/24,LET(rem,15-(HOUR($P304)+MINUTE($P304)/60),ovf,$F304-rem,fd,INT(ovf/8),rh,MOD(ovf,8),IF(rh=0,WORKDAY.INTL(INT($P304),fd,"0000011")+TIME(15,0,0),WORKDAY.INTL(INT($P304),fd+1,"0000011")+TIME(7+rh,0,0))))) | R304: =IF($H304="","",INT($H304)+TIME(7,0,0)) | S304: =IF(OR($G304="",$E304=""),"",LET(prev,MAXIFS($Q$5:$Q$304,$E$5:$E$304,$E304,$G$5:$G$304,"<"&$G304),IF(prev=0,"",prev))) | T304: =IF(OR($G304="",$E304=""),"",IF($G304=1,GANT!$B$2+TIME(7,0,0),$S304)) | U304: =IF(OR($P304="",$Q304="",$E304=""),0,COUNTIFS($E$5:$E$304,$E304,$P$5:$P$304,"<"&$Q304,$Q$5:$Q$304,">"&$P304)-1) | V304: =IF(AND($G304<>"",$H304<>""),1,0) | W304: =IF(OR($A304<>"",$E304<>"",$F304<>""),1,0)

Sheet GANT
A1: PLAN PROIZVODNJE - GANT
A2: DATUM POČETKA | B2: 46092
A4: STROJ | B4: =TEXT($B$2+0,"ddd dd.mm") | J4: =TEXT($B$2+1,"ddd dd.mm") | R4: =TEXT($B$2+2,"ddd dd.mm") | Z4: =TEXT($B$2+3,"ddd dd.mm") | AH4: =TEXT($B$2+4,"ddd dd.mm") | AP4: =TEXT($B$2+5,"ddd dd.mm") | AX4: =TEXT($B$2+6,"ddd dd.mm") | BF4: =TEXT($B$2+7,"ddd dd.mm") | BN4: =TEXT($B$2+8,"ddd dd.mm") | BV4: =TEXT($B$2+9,"ddd dd.mm") | CD4: =TEXT($B$2+10,"ddd dd.mm") | CL4: =TEXT($B$2+11,"ddd dd.mm") | CT4: =TEXT($B$2+12,"ddd dd.mm") | DB4: =TEXT($B$2+13,"ddd dd.mm") | DJ4: =TEXT($B$2+14,"ddd dd.mm") | DR4: =TEXT($B$2+15,"ddd dd.mm") | DZ4: =TEXT($B$2+16,"ddd dd.mm") | EH4: =TEXT($B$2+17,"ddd dd.mm") | EP4: =TEXT($B$2+18,"ddd dd.mm") | EX4: =TEXT($B$2+19,"ddd dd.mm") | FF4: =TEXT($B$2+20,"ddd dd.mm") | FN4: =TEXT($B$2+21,"ddd dd.mm") | FV4: =TEXT($B$2+22,"ddd dd.mm") | GD4: =TEXT($B$2+23,"ddd dd.mm") | GL4: =TEXT($B$2+24,"ddd dd.mm") | GT4: =TEXT($B$2+25,"ddd dd.mm") | HB4: =TEXT($B$2+26,"ddd dd.mm") | HJ4: =TEXT($B$2+27,"ddd dd.mm") | HR4: =TEXT($B$2+28,"ddd dd.mm") | HZ4: =TEXT($B$2+29,"ddd dd.mm") | IH4: =TEXT($B$2+30,"ddd dd.mm") | IP4: =TEXT($B$2+31,"ddd dd.mm") | IX4: =TEXT($B$2+32,"ddd dd.mm") | JF4: =TEXT($B$2+33,"ddd dd.mm") | JN4: =TEXT($B$2+34,"ddd dd.mm") | JV4: =TEXT($B$2+35,"ddd dd.mm") | KD4: =TEXT($B$2+36,"ddd dd.mm") | KL4: =TEXT($B$2+37,"ddd dd.mm") | KT4: =TEXT($B$2+38,"ddd dd.mm") | LB4: =TEXT($B$2+39,"ddd dd.mm") | LJ4: =TEXT($B$2+40,"ddd dd.mm") | LR4: =TEXT($B$2+41,"ddd dd.mm") | LZ4: =TEXT($B$2+42,"ddd dd.mm") | MH4: =TEXT($B$2+43,"ddd dd.mm") | MP4: =TEXT($B$2+44,"ddd dd.mm") | MX4: =TEXT($B$2+45,"ddd dd.mm") | NF4: =TEXT($B$2+46,"ddd dd.mm") | NN4: =TEXT($B$2+47,"ddd dd.mm") | NV4: =TEXT($B$2+48,"ddd dd.mm") | OD4: =TEXT($B$2+49,"ddd dd.mm") | OL4: =TEXT($B$2+50,"ddd dd.mm") | OT4: =TEXT($B$2+51,"ddd dd.mm") | PB4: =TEXT($B$2+52,"ddd dd.mm") | PJ4: =TEXT($B$2+53,"ddd dd.mm") | PR4: =TEXT($B$2+54,"ddd dd.mm") | PZ4: =TEXT($B$2+55,"ddd dd.mm") | QH4: =TEXT($B$2+56,"ddd dd.mm") | QP4: =TEXT($B$2+57,"ddd dd.mm") | QX4: =TEXT($B$2+58,"ddd dd.mm") | RF4: =TEXT($B$2+59,"ddd dd.mm") | RN4: =TEXT($B$2+60,"ddd dd.mm") | RV4: =TEXT($B$2+61,"ddd dd.mm") | SD4: =TEXT($B$2+62,"ddd dd.mm") | SL4: =TEXT($B$2+63,"ddd dd.mm") | ST4: =TEXT($B$2+64,"ddd dd.mm") | TB4: =TEXT($B$2+65,"ddd dd.mm") | TJ4: =TEXT($B$2+66,"ddd dd.mm") | TR4: =TEXT($B$2+67,"ddd dd.mm") | TZ4: =TEXT($B$2+68,"ddd dd.mm") | UH4: =TEXT($B$2+69,"ddd dd.mm") | UP4: =TEXT($B$2+70,"ddd dd.mm") | UX4: =TEXT($B$2+71,"ddd dd.mm") | VF4: =TEXT($B$2+72,"ddd dd.mm") | VN4: =TEXT($B$2+73,"ddd dd.mm") | VV4: =TEXT($B$2+74,"ddd dd.mm") | WD4: =TEXT($B$2+75,"ddd dd.mm") | WL4: =TEXT($B$2+76,"ddd dd.mm") | WT4: =TEXT($B$2+77,"ddd dd.mm") | XB4: =TEXT($B$2+78,"ddd dd.mm") | XJ4: =TEXT($B$2+79,"ddd dd.mm") | XR4: =TEXT($B$2+80,"ddd dd.mm") | XZ4: =TEXT($B$2+81,"ddd dd.mm") | YH4: =TEXT($B$2+82,"ddd dd.mm") | YP4: =TEXT($B$2+83,"ddd dd.mm") | YX4: =TEXT($B$2+84,"ddd dd.mm") | ZF4: =TEXT($B$2+85,"ddd dd.mm") | ZN4: =TEXT($B$2+86,"ddd dd.mm") | ZV4: =TEXT($B$2+87,"ddd dd.mm") | AAD4: =TEXT($B$2+88,"ddd dd.mm") | AAL4: =TEXT($B$2+89,"ddd dd.mm") | AAT4: =TEXT($B$2+90,"ddd dd.mm") | ABB4: =TEXT($B$2+91,"ddd dd.mm") | ABJ4: =TEXT($B$2+92,"ddd dd.mm") | ABR4: =TEXT($B$2+93,"ddd dd.mm") | ABZ4: =TEXT($B$2+94,"ddd dd.mm") | ACH4: =TEXT($B$2+95,"ddd dd.mm") | ACP4: =TEXT($B$2+96,"ddd dd.mm") | ACX4: =TEXT($B$2+97,"ddd dd.mm") | ADF4: =TEXT($B$2+98,"ddd dd.mm") | ADN4: =TEXT($B$2+99,"ddd dd.mm") | ADV4: =TEXT($B$2+100,"ddd dd.mm") | AED4: =TEXT($B$2+101,"ddd dd.mm") | AEL4: =TEXT($B$2+102,"ddd dd.mm") | AET4: =TEXT($B$2+103,"ddd dd.mm") | AFB4: =TEXT($B$2+104,"ddd dd.mm") | AFJ4: =TEXT($B$2+105,"ddd dd.mm") | AFR4: =TEXT($B$2+106,"ddd dd.mm") | AFZ4: =TEXT($B$2+107,"ddd dd.mm") | AGH4: =TEXT($B$2+108,"ddd dd.mm") | AGP4: =TEXT($B$2+109,"ddd dd.mm") | AGX4: =TEXT($B$2+110,"ddd dd.mm") | AHF4: =TEXT($B$2+111,"ddd dd.mm") | AHN4: =TEXT($B$2+112,"ddd dd.mm") | AHV4: =TEXT($B$2+113,"ddd dd.mm") | AID4: =TEXT($B$2+114,"ddd dd.mm") | AIL4: =TEXT($B$2+115,"ddd dd.mm") | AIT4: =TEXT($B$2+116,"ddd dd.mm") | AJB4: =TEXT($B$2+117,"ddd dd.mm") | AJJ4: =TEXT($B$2+118,"ddd dd.mm") | AJR4: =TEXT($B$2+119,"ddd dd.mm") | AJZ4: =TEXT($B$2+120,"ddd dd.mm") | AKH4: =TEXT($B$2+121,"ddd dd.mm") | AKP4: =TEXT($B$2+122,"ddd dd.mm") | AKX4: =TEXT($B$2+123,"ddd dd.mm") | ALF4: =TEXT($B$2+124,"ddd dd.mm") | ALN4: =TEXT($B$2+125,"ddd dd.mm") | ALV4: =TEXT($B$2+126,"ddd dd.mm") | AMD4: =TEXT($B$2+127,"ddd dd.mm") | AML4: =TEXT($B$2+128,"ddd dd.mm") | AMT4: =TEXT($B$2+129,"ddd dd.mm") | ANB4: =TEXT($B$2+130,"ddd dd.mm") | ANJ4: =TEXT($B$2+131,"ddd dd.mm") | ANR4: =TEXT($B$2+132,"ddd dd.mm") | ANZ4: =TEXT($B$2+133,"ddd dd.mm") | AOH4: =TEXT($B$2+134,"ddd dd.mm") | AOP4: =TEXT($B$2+135,"ddd dd.mm") | AOX4: =TEXT($B$2+136,"ddd dd.mm") | APF4: =TEXT($B$2+137,"ddd dd.mm") | APN4: =TEXT($B$2+138,"ddd dd.mm") | APV4: =TEXT($B$2+139,"ddd dd.mm") | AQD4: =TEXT($B$2+140,"ddd dd.mm") | AQL4: =TEXT($B$2+141,"ddd dd.mm") | AQT4: =TEXT($B$2+142,"ddd dd.mm") | ARB4: =TEXT($B$2+143,"ddd dd.mm") | ARJ4: =TEXT($B$2+144,"ddd dd.mm") | ARR4: =TEXT($B$2+145,"ddd dd.mm") | ARZ4: =TEXT($B$2+146,"ddd dd.mm") | ASH4: =TEXT($B$2+147,"ddd dd.mm") | ASP4: =TEXT($B$2+148,"ddd dd.mm") | ASX4: =TEXT($B$2+149,"ddd dd.mm") | ATF4: =TEXT($B$2+150,"ddd dd.mm") | ATN4: =TEXT($B$2+151,"ddd dd.mm") | ATV4: =TEXT($B$2+152,"ddd dd.mm") | AUD4: =TEXT($B$2+153,"ddd dd.mm") | AUL4: =TEXT($B$2+154,"ddd dd.mm") | AUT4: =TEXT($B$2+155,"ddd dd.mm") | AVB4: =TEXT($B$2+156,"ddd dd.mm") | AVJ4: =TEXT($B$2+157,"ddd dd.mm") | AVR4: =TEXT($B$2+158,"ddd dd.mm") | AVZ4: =TEXT($B$2+159,"ddd dd.mm") | AWH4: =TEXT($B$2+160,"ddd dd.mm") | AWP4: =TEXT($B$2+161,"ddd dd.mm") | AWX4: =TEXT($B$2+162,"ddd dd.mm") | AXF4: =TEXT($B$2+163,"ddd dd.mm") | AXN4: =TEXT($B$2+164,"ddd dd.mm") | AXV4: =TEXT($B$2+165,"ddd dd.mm") | AYD4: =TEXT($B$2+166,"ddd dd.mm") | AYL4: =TEXT($B$2+167,"ddd dd.mm") | AYT4: =TEXT($B$2+168,"ddd dd.mm") | AZB4: =TEXT($B$2+169,"ddd dd.mm") | AZJ4: =TEXT($B$2+170,"ddd dd.mm") | AZR4: =TEXT($B$2+171,"ddd dd.mm") | AZZ4: =TEXT($B$2+172,"ddd dd.mm") | BAH4: =TEXT($B$2+173,"ddd dd.mm") | BAP4: =TEXT($B$2+174,"ddd dd.mm") | BAX4: =TEXT($B$2+175,"ddd dd.mm") | BBF4: =TEXT($B$2+176,"ddd dd.mm") | BBN4: =TEXT($B$2+177,"ddd dd.mm") | BBV4: =TEXT($B$2+178,"ddd dd.mm") | BCD4: =TEXT($B$2+179,"ddd dd.mm") | BCL4: =TEXT($B$2+180,"ddd dd.mm") | BCT4: =TEXT($B$2+181,"ddd dd.mm") | BDB4: =TEXT($B$2+182,"ddd dd.mm")
B5: 7 | C5: 8 | D5: 9 | E5: 10 | F5: 11 | G5: 12 | H5: 13 | I5: 14 | J5: 7 | K5: 8 | L5: 9 | M5: 10 | N5: 11 | O5: 12 | P5: 13 | Q5: 14 | R5: 7 | S5: 8 | T5: 9 | U5: 10 | V5: 11 | W5: 12 | X5: 13 | Y5: 14 | Z5: 7 | AA5: 8 | AB5: 9 | AC5: 10 | AD5: 11 | AE5: 12 | AF5: 13 | AG5: 14 | AH5: 7 | AI5: 8 | AJ5: 9 | AK5: 10 | AL5: 11 | AM5: 12 | AN5: 13 | AO5: 14 | AP5: 7 | AQ5: 8 | AR5: 9 | AS5: 10 | AT5: 11 | AU5: 12 | AV5: 13 | AW5: 14 | AX5: 7 | AY5: 8 | AZ5: 9 | BA5: 10 | BB5: 11 | BC5: 12 | BD5: 13 | BE5: 14 | BF5: 7 | BG5: 8 | BH5: 9 | BI5: 10 | BJ5: 11 | BK5: 12 | BL5: 13 | BM5: 14 | BN5: 7 | BO5: 8 | BP5: 9 | BQ5: 10 | BR5: 11 | BS5: 12 | BT5: 13 | BU5: 14 | BV5: 7 | BW5: 8 | BX5: 9 | BY5: 10 | BZ5: 11 | CA5: 12 | CB5: 13 | CC5: 14 | CD5: 7 | CE5: 8 | CF5: 9 | CG5: 10 | CH5: 11 | CI5: 12 | CJ5: 13 | CK5: 14 | CL5: 7 | CM5: 8 | CN5: 9 | CO5: 10 | CP5: 11 | CQ5: 12 | CR5: 13 | CS5: 14 | CT5: 7 | CU5: 8 | CV5: 9 | CW5: 10 | CX5: 11 | CY5: 12 | CZ5: 13 | DA5: 14 | DB5: 7 | DC5: 8 | DD5: 9 | DE5: 10 | DF5: 11 | DG5: 12 | DH5: 13 | DI5: 14 | DJ5: 7 | DK5: 8 | DL5: 9 | DM5: 10 | DN5: 11 | DO5: 12 | DP5: 13 | DQ5: 14 | DR5: 7 | DS5: 8 | DT5: 9 | DU5: 10 | DV5: 11 | DW5: 12 | DX5: 13 | DY5: 14 | DZ5: 7 | EA5: 8 | EB5: 9 | EC5: 10 | ED5: 11 | EE5: 12 | EF5: 13 | EG5: 14 | EH5: 7 | EI5: 8 | EJ5: 9 | EK5: 10 | EL5: 11 | EM5: 12 | EN5: 13 | EO5: 14 | EP5: 7 | EQ5: 8 | ER5: 9 | ES5: 10 | ET5: 11 | EU5: 12 | EV5: 13 | EW5: 14 | EX5: 7 | EY5: 8 | EZ5: 9 | FA5: 10 | FB5: 11 | FC5: 12 | FD5: 13 | FE5: 14 | FF5: 7 | FG5: 8 | FH5: 9 | FI5: 10 | FJ5: 11 | FK5: 12 | FL5: 13 | FM5: 14 | FN5: 7 | FO5: 8 | FP5: 9 | FQ5: 10 | FR5: 11 | FS5: 12 | FT5: 13 | FU5: 14 | FV5: 7 | FW5: 8 | FX5: 9 | FY5: 10 | FZ5: 11 | GA5: 12 | GB5: 13 | GC5: 14 | GD5: 7 | GE5: 8 | GF5: 9 | GG5: 10 | GH5: 11 | GI5: 12 | GJ5: 13 | GK5: 14 | GL5: 7 | GM5: 8 | GN5: 9 | GO5: 10 | GP5: 11 | GQ5: 12 | GR5: 13 | GS5: 14 | GT5: 7 | GU5: 8 | GV5: 9 | GW5: 10 | GX5: 11 | GY5: 12 | GZ5: 13 | HA5: 14 | HB5: 7 | HC5: 8 | HD5: 9 | HE5: 10 | HF5: 11 | HG5: 12 | HH5: 13 | HI5: 14 | HJ5: 7 | HK5: 8 | HL5: 9 | HM5: 10 | HN5: 11 | HO5: 12 | HP5: 13 | HQ5: 14 | HR5: 7 | HS5: 8 | HT5: 9 | HU5: 10 | HV5: 11 | HW5: 12 | HX5: 13 | HY5: 14 | HZ5: 7 | IA5: 8 | IB5: 9 | IC5: 10 | ID5: 11 | IE5: 12 | IF5: 13 | IG5: 14 | IH5: 7 | II5: 8 | IJ5: 9 | IK5: 10 | IL5: 11 | IM5: 12 | IN5: 13 | IO5: 14 | IP5: 7 | IQ5: 8 | IR5: 9 | IS5: 10 | IT5: 11 | IU5: 12 | IV5: 13 | IW5: 14 | IX5: 7 | IY5: 8 | IZ5: 9 | JA5: 10 | JB5: 11 | JC5: 12 | JD5: 13 | JE5: 14 | JF5: 7 | JG5: 8 | JH5: 9 | JI5: 10 | JJ5: 11 | JK5: 12 | JL5: 13 | JM5: 14 | JN5: 7 | JO5: 8 | JP5: 9 | JQ5: 10 | JR5: 11 | JS5: 12 | JT5: 13 | JU5: 14 | JV5: 7 | JW5: 8 | JX5: 9 | JY5: 10 | JZ5: 11 | KA5: 12 | KB5: 13 | KC5: 14 | KD5: 7 | KE5: 8 | KF5: 9 | KG5: 10 | KH5: 11 | KI5: 12 | KJ5: 13 | KK5: 14 | KL5: 7 | KM5: 8 | KN5: 9 | KO5: 10 | KP5: 11 | KQ5: 12 | KR5: 13 | KS5: 14 | KT5: 7 | KU5: 8 | KV5: 9 | KW5: 10 | KX5: 11 | KY5: 12 | KZ5: 13 | LA5: 14 | LB5: 7 | LC5: 8 | LD5: 9 | LE5: 10 | LF5: 11 | LG5: 12 | LH5: 13 | LI5: 14 | LJ5: 7 | LK5: 8 | LL5: 9 | LM5: 10 | LN5: 11 | LO5: 12 | LP5: 13 | LQ5: 14 | LR5: 7 | LS5: 8 | LT5: 9 | LU5: 10 | LV5: 11 | LW5: 12 | LX5: 13 | LY5: 14 | LZ5: 7 | MA5: 8 | MB5: 9 | MC5: 10 | MD5: 11 | ME5: 12 | MF5: 13 | MG5: 14 | MH5: 7 | MI5: 8 | MJ5: 9 | MK5: 10 | ML5: 11 | MM5: 12 | MN5: 13 | MO5: 14 | MP5: 7 | MQ5: 8 | MR5: 9 | MS5: 10 | MT5: 11 | MU5: 12 | MV5: 13 | MW5: 14 | MX5: 7 | MY5: 8 | MZ5: 9 | NA5: 10 | NB5: 11 | NC5: 12 | ND5: 13 | NE5: 14 | NF5: 7 | NG5: 8 | NH5: 9 | NI5: 10 | NJ5: 11 | NK5: 12 | NL5: 13 | NM5: 14 | NN5: 7 | NO5: 8 | NP5: 9 | NQ5: 10 | NR5: 11 | NS5: 12 | NT5: 13 | NU5: 14 | NV5: 7 | NW5: 8 | NX5: 9 | NY5: 10 | NZ5: 11 | OA5: 12 | OB5: 13 | OC5: 14 | OD5: 7 | OE5: 8 | OF5: 9 | OG5: 10 | OH5: 11 | OI5: 12 | OJ5: 13 | OK5: 14 | OL5: 7 | OM5: 8 | ON5: 9 | OO5: 10 | OP5: 11 | OQ5: 12 | OR5: 13 | OS5: 14 | OT5: 7 | OU5: 8 | OV5: 9 | OW5: 10 | OX5: 11 | OY5: 12 | OZ5: 13 | PA5: 14 | PB5: 7 | PC5: 8 | PD5: 9 | PE5: 10 | PF5: 11 | PG5: 12 | PH5: 13 | PI5: 14 | PJ5: 7 | PK5: 8 | PL5: 9 | PM5: 10 | PN5: 11 | PO5: 12 | PP5: 13 | PQ5: 14 | PR5: 7 | PS5: 8 | PT5: 9 | PU5: 10 | PV5: 11 | PW5: 12 | PX5: 13 | PY5: 14 | PZ5: 7 | QA5: 8 | QB5: 9 | QC5: 10 | QD5: 11 | QE5: 12 | QF5: 13 | QG5: 14 | QH5: 7 | QI5: 8 | QJ5: 9 | QK5: 10 | QL5: 11 | QM5: 12 | QN5: 13 | QO5: 14 | QP5: 7 | QQ5: 8 | QR5: 9 | QS5: 10 | QT5: 11 | QU5: 12 | QV5: 13 | QW5: 14 | QX5: 7 | QY5: 8 | QZ5: 9 | RA5: 10 | RB5: 11 | RC5: 12 | RD5: 13 | RE5: 14 | RF5: 7 | RG5: 8 | RH5: 9 | RI5: 10 | RJ5: 11 | RK5: 12 | RL5: 13 | RM5: 14 | RN5: 7 | RO5: 8 | RP5: 9 | RQ5: 10 | RR5: 11 | RS5: 12 | RT5: 13 | RU5: 14 | RV5: 7 | RW5: 8 | RX5: 9 | RY5: 10 | RZ5: 11 | SA5: 12 | SB5: 13 | SC5: 14 | SD5: 7 | SE5: 8 | SF5: 9 | SG5: 10 | SH5: 11 | SI5: 12 | SJ5: 13 | SK5: 14 | SL5: 7 | SM5: 8 | SN5: 9 | SO5: 10 | SP5: 11 | SQ5: 12 | SR5: 13 | SS5: 14 | ST5: 7 | SU5: 8 | SV5: 9 | SW5: 10 | SX5: 11 | SY5: 12 | SZ5: 13 | TA5: 14 | TB5: 7 | TC5: 8 | TD5: 9 | TE5: 10 | TF5: 11 | TG5: 12 | TH5: 13 | TI5: 14 | TJ5: 7 | TK5: 8 | TL5: 9 | TM5: 10 | TN5: 11 | TO5: 12 | TP5: 13 | TQ5: 14 | TR5: 7 | TS5: 8 | TT5: 9 | TU5: 10 | TV5: 11 | TW5: 12 | TX5: 13 | TY5: 14 | TZ5: 7 | UA5: 8 | UB5: 9 | UC5: 10 | UD5: 11 | UE5: 12 | UF5: 13 | UG5: 14 | UH5: 7 | UI5: 8 | UJ5: 9 | UK5: 10 | UL5: 11 | UM5: 12 | UN5: 13 | UO5: 14 | UP5: 7 | UQ5: 8 | UR5: 9 | US5: 10 | UT5: 11 | UU5: 12 | UV5: 13 | UW5: 14 | UX5: 7 | UY5: 8 | UZ5: 9 | VA5: 10 | VB5: 11 | VC5: 12 | VD5: 13 | VE5: 14 | VF5: 7 | VG5: 8 | VH5: 9 | VI5: 10 | VJ5: 11 | VK5: 12 | VL5: 13 | VM5: 14 | VN5: 7 | VO5: 8 | VP5: 9 | VQ5: 10 | VR5: 11 | VS5: 12 | VT5: 13 | VU5: 14 | VV5: 7 | VW5: 8 | VX5: 9 | VY5: 10 | VZ5: 11 | WA5: 12 | WB5: 13 | WC5: 14 | WD5: 7 | WE5: 8 | WF5: 9 | WG5: 10 | WH5: 11 | WI5: 12 | WJ5: 13 | WK5: 14 | WL5: 7 | WM5: 8 | WN5: 9 | WO5: 10 | WP5: 11 | WQ5: 12 | WR5: 13 | WS5: 14 | WT5: 7 | WU5: 8 | WV5: 9 | WW5: 10 | WX5: 11 | WY5: 12 | WZ5: 13 | XA5: 14 | XB5: 7 | XC5: 8 | XD5: 9 | XE5: 10 | XF5: 11 | XG5: 12 | XH5: 13 | XI5: 14 | XJ5: 7 | XK5: 8 | XL5: 9 | XM5: 10 | XN5: 11 | XO5: 12 | XP5: 13 | XQ5: 14 | XR5: 7 | XS5: 8 | XT5: 9 | XU5: 10 | XV5: 11 | XW5: 12 | XX5: 13 | XY5: 14 | XZ5: 7 | YA5: 8 | YB5: 9 | YC5: 10 | YD5: 11 | YE5: 12 | YF5: 13 | YG5: 14 | YH5: 7 | YI5: 8 | YJ5: 9 | YK5: 10 | YL5: 11 | YM5: 12 | YN5: 13 | YO5: 14 | YP5: 7 | YQ5: 8 | YR5: 9 | YS5: 10 | YT5: 11 | YU5: 12 | YV5: 13 | YW5: 14 | YX5: 7 | YY5: 8 | YZ5: 9 | ZA5: 10 | ZB5: 11 | ZC5: 12 | ZD5: 13 | ZE5: 14 | ZF5: 7 | ZG5: 8 | ZH5: 9 | ZI5: 10 | ZJ5: 11 | ZK5: 12 | ZL5: 13 | ZM5: 14 | ZN5: 7 | ZO5: 8 | ZP5: 9 | ZQ5: 10 | ZR5: 11 | ZS5: 12 | ZT5: 13 | ZU5: 14 | ZV5: 7 | ZW5: 8 | ZX5: 9 | ZY5: 10 | ZZ5: 11 | AAA5: 12 | AAB5: 13 | AAC5: 14 | AAD5: 7 | AAE5: 8 | AAF5: 9 | AAG5: 10 | AAH5: 11 | AAI5: 12 | AAJ5: 13 | AAK5: 14 | AAL5: 7 | AAM5: 8 | AAN5: 9 | AAO5: 10 | AAP5: 11 | AAQ5: 12 | AAR5: 13 | AAS5: 14 | AAT5: 7 | AAU5: 8 | AAV5: 9 | AAW5: 10 | AAX5: 11 | AAY5: 12 | AAZ5: 13 | ABA5: 14 | ABB5: 7 | ABC5: 8 | ABD5: 9 | ABE5: 10 | ABF5: 11 | ABG5: 12 | ABH5: 13 | ABI5: 14 | ABJ5: 7 | ABK5: 8 | ABL5: 9 | ABM5: 10 | ABN5: 11 | ABO5: 12 | ABP5: 13 | ABQ5: 14 | ABR5: 7 | ABS5: 8 | ABT5: 9 | ABU5: 10 | ABV5: 11 | ABW5: 12 | ABX5: 13 | ABY5: 14 | ABZ5: 7 | ACA5: 8 | ACB5: 9 | ACC5: 10 | ACD5: 11 | ACE5: 12 | ACF5: 13 | ACG5: 14 | ACH5: 7 | ACI5: 8 | ACJ5: 9 | ACK5: 10 | ACL5: 11 | ACM5: 12 | ACN5: 13 | ACO5: 14 | ACP5: 7 | ACQ5: 8 | ACR5: 9 | ACS5: 10 | ACT5: 11 | ACU5: 12 | ACV5: 13 | ACW5: 14 | ACX5: 7 | ACY5: 8 | ACZ5: 9 | ADA5: 10 | ADB5: 11 | ADC5: 12 | ADD5: 13 | ADE5: 14 | ADF5: 7 | ADG5: 8 | ADH5: 9 | ADI5: 10 | ADJ5: 11 | ADK5: 12 | ADL5: 13 | ADM5: 14 | ADN5: 7 | ADO5: 8 | ADP5: 9 | ADQ5: 10 | ADR5: 11 | ADS5: 12 | ADT5: 13 | ADU5: 14 | ADV5: 7 | ADW5: 8 | ADX5: 9 | ADY5: 10 | ADZ5: 11 | AEA5: 12 | AEB5: 13 | AEC5: 14 | AED5: 7 | AEE5: 8 | AEF5: 9 | AEG5: 10 | AEH5: 11 | AEI5: 12 | AEJ5: 13 | AEK5: 14 | AEL5: 7 | AEM5: 8 | AEN5: 9 | AEO5: 10 | AEP5: 11 | AEQ5: 12 | AER5: 13 | AES5: 14 | AET5: 7 | AEU5: 8 | AEV5: 9 | AEW5: 10 | AEX5: 11 | AEY5: 12 | AEZ5: 13 | AFA5: 14 | AFB5: 7 | AFC5: 8 | AFD5: 9 | AFE5: 10 | AFF5: 11 | AFG5: 12 | AFH5: 13 | AFI5: 14 | AFJ5: 7 | AFK5: 8 | AFL5: 9 | AFM5: 10 | AFN5: 11 | AFO5: 12 | AFP5: 13 | AFQ5: 14 | AFR5: 7 | AFS5: 8 | AFT5: 9 | AFU5: 10 | AFV5: 11 | AFW5: 12 | AFX5: 13 | AFY5: 14 | AFZ5: 7 | AGA5: 8 | AGB5: 9 | AGC5: 10 | AGD5: 11 | AGE5: 12 | AGF5: 13 | AGG5: 14 | AGH5: 7 | AGI5: 8 | AGJ5: 9 | AGK5: 10 | AGL5: 11 | AGM5: 12 | AGN5: 13 | AGO5: 14 | AGP5: 7 | AGQ5: 8 | AGR5: 9 | AGS5: 10 | AGT5: 11 | AGU5: 12 | AGV5: 13 | AGW5: 14 | AGX5: 7 | AGY5: 8 | AGZ5: 9 | AHA5: 10 | AHB5: 11 | AHC5: 12 | AHD5: 13 | AHE5: 14 | AHF5: 7 | AHG5: 8 | AHH5: 9 | AHI5: 10 | AHJ5: 11 | AHK5: 12 | AHL5: 13 | AHM5: 14 | AHN5: 7 | AHO5: 8 | AHP5: 9 | AHQ5: 10 | AHR5: 11 | AHS5: 12 | AHT5: 13 | AHU5: 14 | AHV5: 7 | AHW5: 8 | AHX5: 9 | AHY5: 10 | AHZ5: 11 | AIA5: 12 | AIB5: 13 | AIC5: 14 | AID5: 7 | AIE5: 8 | AIF5: 9 | AIG5: 10 | AIH5: 11 | AII5: 12 | AIJ5: 13 | AIK5: 14 | AIL5: 7 | AIM5: 8 | AIN5: 9 | AIO5: 10 | AIP5: 11 | AIQ5: 12 | AIR5: 13 | AIS5: 14 | AIT5: 7 | AIU5: 8 | AIV5: 9 | AIW5: 10 | AIX5: 11 | AIY5: 12 | AIZ5: 13 | AJA5: 14 | AJB5: 7 | AJC5: 8 | AJD5: 9 | AJE5: 10 | AJF5: 11 | AJG5: 12 | AJH5: 13 | AJI5: 14 | AJJ5: 7 | AJK5: 8 | AJL5: 9 | AJM5: 10 | AJN5: 11 | AJO5: 12 | AJP5: 13 | AJQ5: 14 | AJR5: 7 | AJS5: 8 | AJT5: 9 | AJU5: 10 | AJV5: 11 | AJW5: 12 | AJX5: 13 | AJY5: 14 | AJZ5: 7 | AKA5: 8 | AKB5: 9 | AKC5: 10 | AKD5: 11 | AKE5: 12 | AKF5: 13 | AKG5: 14 | AKH5: 7 | AKI5: 8 | AKJ5: 9 | AKK5: 10 | AKL5: 11 | AKM5: 12 | AKN5: 13 | AKO5: 14 | AKP5: 7 | AKQ5: 8 | AKR5: 9 | AKS5: 10 | AKT5: 11 | AKU5: 12 | AKV5: 13 | AKW5: 14 | AKX5: 7 | AKY5: 8 | AKZ5: 9 | ALA5: 10 | ALB5: 11 | ALC5: 12 | ALD5: 13 | ALE5: 14 | ALF5: 7 | ALG5: 8 | ALH5: 9 | ALI5: 10 | ALJ5: 11 | ALK5: 12 | ALL5: 13 | ALM5: 14 | ALN5: 7 | ALO5: 8 | ALP5: 9 | ALQ5: 10 | ALR5: 11 | ALS5: 12 | ALT5: 13 | ALU5: 14 | ALV5: 7 | ALW5: 8 | ALX5: 9 | ALY5: 10 | ALZ5: 11 | AMA5: 12 | AMB5: 13 | AMC5: 14 | AMD5: 7 | AME5: 8 | AMF5: 9 | AMG5: 10 | AMH5: 11 | AMI5: 12 | AMJ5: 13 | AMK5: 14 | AML5: 7 | AMM5: 8 | AMN5: 9 | AMO5: 10 | AMP5: 11 | AMQ5: 12 | AMR5: 13 | AMS5: 14 | AMT5: 7 | AMU5: 8 | AMV5: 9 | AMW5: 10 | AMX5: 11 | AMY5: 12 | AMZ5: 13 | ANA5: 14 | ANB5: 7 | ANC5: 8 | AND5: 9 | ANE5: 10 | ANF5: 11 | ANG5: 12 | ANH5: 13 | ANI5: 14 | ANJ5: 7 | ANK5: 8 | ANL5: 9 | ANM5: 10 | ANN5: 11 | ANO5: 12 | ANP5: 13 | ANQ5: 14 | ANR5: 7 | ANS5: 8 | ANT5: 9 | ANU5: 10 | ANV5: 11 | ANW5: 12 | ANX5: 13 | ANY5: 14 | ANZ5: 7 | AOA5: 8 | AOB5: 9 | AOC5: 10 | AOD5: 11 | AOE5: 12 | AOF5: 13 | AOG5: 14 | AOH5: 7 | AOI5: 8 | AOJ5: 9 | AOK5: 10 | AOL5: 11 | AOM5: 12 | AON5: 13 | AOO5: 14 | AOP5: 7 | AOQ5: 8 | AOR5: 9 | AOS5: 10 | AOT5: 11 | AOU5: 12 | AOV5: 13 | AOW5: 14 | AOX5: 7 | AOY5: 8 | AOZ5: 9 | APA5: 10 | APB5: 11 | APC5: 12 | APD5: 13 | APE5: 14 | APF5: 7 | APG5: 8 | APH5: 9 | API5: 10 | APJ5: 11 | APK5: 12 | APL5: 13 | APM5: 14 | APN5: 7 | APO5: 8 | APP5: 9 | APQ5: 10 | APR5: 11 | APS5: 12 | APT5: 13 | APU5: 14 | APV5: 7 | APW5: 8 | APX5: 9 | APY5: 10 | APZ5: 11 | AQA5: 12 | AQB5: 13 | AQC5: 14 | AQD5: 7 | AQE5: 8 | AQF5: 9 | AQG5: 10 | AQH5: 11 | AQI5: 12 | AQJ5: 13 | AQK5: 14 | AQL5: 7 | AQM5: 8 | AQN5: 9 | AQO5: 10 | AQP5: 11 | AQQ5: 12 | AQR5: 13 | AQS5: 14 | AQT5: 7 | AQU5: 8 | AQV5: 9 | AQW5: 10 | AQX5: 11 | AQY5: 12 | AQZ5: 13 | ARA5: 14 | ARB5: 7 | ARC5: 8 | ARD5: 9 | ARE5: 10 | ARF5: 11 | ARG5: 12 | ARH5: 13 | ARI5: 14 | ARJ5: 7 | ARK5: 8 | ARL5: 9 | ARM5: 10 | ARN5: 11 | ARO5: 12 | ARP5: 13 | ARQ5: 14 | ARR5: 7 | ARS5: 8 | ART5: 9 | ARU5: 10 | ARV5: 11 | ARW5: 12 | ARX5: 13 | ARY5: 14 | ARZ5: 7 | ASA5: 8 | ASB5: 9 | ASC5: 10 | ASD5: 11 | ASE5: 12 | ASF5: 13 | ASG5: 14 | ASH5: 7 | ASI5: 8 | ASJ5: 9 | ASK5: 10 | ASL5: 11 | ASM5: 12 | ASN5: 13 | ASO5: 14 | ASP5: 7 | ASQ5: 8 | ASR5: 9 | ASS5: 10 | AST5: 11 | ASU5: 12 | ASV5: 13 | ASW5: 14 | ASX5: 7 | ASY5: 8 | ASZ5: 9 | ATA5: 10 | ATB5: 11 | ATC5: 12 | ATD5: 13 | ATE5: 14 | ATF5: 7 | ATG5: 8 | ATH5: 9 | ATI5: 10 | ATJ5: 11 | ATK5: 12 | ATL5: 13 | ATM5: 14 | ATN5: 7 | ATO5: 8 | ATP5: 9 | ATQ5: 10 | ATR5: 11 | ATS5: 12 | ATT5: 13 | ATU5: 14 | ATV5: 7 | ATW5: 8 | ATX5: 9 | ATY5: 10 | ATZ5: 11 | AUA5: 12 | AUB5: 13 | AUC5: 14 | AUD5: 7 | AUE5: 8 | AUF5: 9 | AUG5: 10 | AUH5: 11 | AUI5: 12 | AUJ5: 13 | AUK5: 14 | AUL5: 7 | AUM5: 8 | AUN5: 9 | AUO5: 10 | AUP5: 11 | AUQ5: 12 | AUR5: 13 | AUS5: 14 | AUT5: 7 | AUU5: 8 | AUV5: 9 | AUW5: 10 | AUX5: 11 | AUY5: 12 | AUZ5: 13 | AVA5: 14 | AVB5: 7 | AVC5: 8 | AVD5: 9 | AVE5: 10 | AVF5: 11 | AVG5: 12 | AVH5: 13 | AVI5: 14 | AVJ5: 7 | AVK5: 8 | AVL5: 9 | AVM5: 10 | AVN5: 11 | AVO5: 12 | AVP5: 13 | AVQ5: 14 | AVR5: 7 | AVS5: 8 | AVT5: 9 | AVU5: 10 | AVV5: 11 | AVW5: 12 | AVX5: 13 | AVY5: 14 | AVZ5: 7 | AWA5: 8 | AWB5: 9 | AWC5: 10 | AWD5: 11 | AWE5: 12 | AWF5: 13 | AWG5: 14 | AWH5: 7 | AWI5: 8 | AWJ5: 9 | AWK5: 10 | AWL5: 11 | AWM5: 12 | AWN5: 13 | AWO5: 14 | AWP5: 7 | AWQ5: 8 | AWR5: 9 | AWS5: 10 | AWT5: 11 | AWU5: 12 | AWV5: 13 | AWW5: 14 | AWX5: 7 | AWY5: 8 | AWZ5: 9 | AXA5: 10 | AXB5: 11 | AXC5: 12 | AXD5: 13 | AXE5: 14 | AXF5: 7 | AXG5: 8 | AXH5: 9 | AXI5: 10 | AXJ5: 11 | AXK5: 12 | AXL5: 13 | AXM5: 14 | AXN5: 7 | AXO5: 8 | AXP5: 9 | AXQ5: 10 | AXR5: 11 | AXS5: 12 | AXT5: 13 | AXU5: 14 | AXV5: 7 | AXW5: 8 | AXX5: 9 | AXY5: 10 | AXZ5: 11 | AYA5: 12 | AYB5: 13 | AYC5: 14 | AYD5: 7 | AYE5: 8 | AYF5: 9 | AYG5: 10 | AYH5: 11 | AYI5: 12 | AYJ5: 13 | AYK5: 14 | AYL5: 7 | AYM5: 8 | AYN5: 9 | AYO5: 10 | AYP5: 11 | AYQ5: 12 | AYR5: 13 | AYS5: 14 | AYT5: 7 | AYU5: 8 | AYV5: 9 | AYW5: 10 | AYX5: 11 | AYY5: 12 | AYZ5: 13 | AZA5: 14 | AZB5: 7 | AZC5: 8 | AZD5: 9 | AZE5: 10 | AZF5: 11 | AZG5: 12 | AZH5: 13 | AZI5: 14 | AZJ5: 7 | AZK5: 8 | AZL5: 9 | AZM5: 10 | AZN5: 11 | AZO5: 12 | AZP5: 13 | AZQ5: 14 | AZR5: 7 | AZS5: 8 | AZT5: 9 | AZU5: 10 | AZV5: 11 | AZW5: 12 | AZX5: 13 | AZY5: 14 | AZZ5: 7 | BAA5: 8 | BAB5: 9 | BAC5: 10 | BAD5: 11 | BAE5: 12 | BAF5: 13 | BAG5: 14 | BAH5: 7 | BAI5: 8 | BAJ5: 9 | BAK5: 10 | BAL5: 11 | BAM5: 12 | BAN5: 13 | BAO5: 14 | BAP5: 7 | BAQ5: 8 | BAR5: 9 | BAS5: 10 | BAT5: 11 | BAU5: 12 | BAV5: 13 | BAW5: 14 | BAX5: 7 | BAY5: 8 | BAZ5: 9 | BBA5: 10 | BBB5: 11 | BBC5: 12 | BBD5: 13 | BBE5: 14 | BBF5: 7 | BBG5: 8 | BBH5: 9 | BBI5: 10 | BBJ5: 11 | BBK5: 12 | BBL5: 13 | BBM5: 14 | BBN5: 7 | BBO5: 8 | BBP5: 9 | BBQ5: 10 | BBR5: 11 | BBS5: 12 | BBT5: 13 | BBU5: 14 | BBV5: 7 | BBW5: 8 | BBX5: 9 | BBY5: 10 | BBZ5: 11 | BCA5: 12 | BCB5: 13 | BCC5: 14 | BCD5: 7 | BCE5: 8 | BCF5: 9 | BCG5: 10 | BCH5: 11 | BCI5: 12 | BCJ5: 13 | BCK5: 14 | BCL5: 7 | BCM5: 8 | BCN5: 9 | BCO5: 10 | BCP5: 11 | BCQ5: 12 | BCR5: 13 | BCS5: 14 | BCT5: 7 | BCU5: 8 | BCV5: 9 | BCW5: 10 | BCX5: 11 | BCY5: 12 | BCZ5: 13 | BDA5: 14 | BDB5: 7 | BDC5: 8 | BDD5: 9 | BDE5: 10 | BDF5: 11 | BDG5: 12 | BDH5: 13 | BDI5: 14
A6: Arpel | B6: =IF(WEEKDAY($B$2+INT((COLUMN()-2)/8),2)>5,"",IFERROR(LOOKUP(2,1/((NALOZI!$E$5:$E$304="Arpel")*(NALOZI!$P$5:$P$304<=($B$2+INT((COLUMN()-2)/8)+TIME(7+MOD((COLUMN()-2),8),0,0)))*(NALOZI!$Q$5:$Q$304>($B$2+INT((COLUMN()-2)/8)+TIME(7+MOD((COLUMN()-2),8),0,0)))),NALOZI!$A$5:$A$304),"")) | C6: =IF(WEEKDAY($B$2+INT((COLUMN()-2)/8),2)>5,"",IFERROR(LOOKUP(2,1/((NALOZI!$E$5:$E$304="Arpel")*(NALOZI!$P$5:$P$304<=($B$2+INT((COLUMN()-2)/8)+TIME(7+MOD((COLUMN()-2),8),0,0)))*(NALOZI!$Q$5:$Q$304>($B$2+INT((COLUMN()-2)/8)+TIME(7+MOD((COLUMN()-2),8),0,0)))),NALOZI!$A$5:$A$304),"")) | D6: =IF(WEEKDAY($B$2+INT((COLUMN()-2)/8),2)>5,"",IFERROR(LOOKUP(2,1/((NALOZI!$E$5:$E$304="Arpel")*(NALOZI!$P$5:$P$304<=($B$2+INT((COLUMN()-2)/8)+TIME(7+MOD((COLUMN()-2),8),0,0)))*(NALOZI!$Q$5:$Q$304>($B$2+INT((COLUMN()-2)/8)+TIME(7+MOD((COLUMN()-2),8),0,0)))),NALOZI!$A$5:$A$304),"")) | E6: =IF(WEEKDAY($B$2+INT((COLUMN()-2)/8),2)>5,"",IFERROR(LOOKUP(2,1/((NALOZI!$E$5:$E$304="Arpel")*(NALOZI!$P$5:$P$304<=($B$2+INT((COLUMN()-2)/8)+TIME(7+MOD((COLUMN()-2),8),0,0)))*(NALOZI!$Q$5:$Q$304>($B$2+INT((COLUMN()-2)/8)+TIME(7+MOD((COLUMN()-2),8),0,0)))),NALOZI!$A$5:$A$304),"")) | F6: =IF(WEEKDAY($B$2+INT((COLUMN()-2)/8),2)>5,"",IFERROR(LOOKUP(2,1/((NALOZI!$E$5:$E$304="Arpel")*(NALOZI!$P$5:$P$304<=($B$2+INT((COLUMN()-2)/8)+TIME(7+MOD((COLUMN()-2),8),0,0)))*(NALOZI!$Q$5:$Q$304>($B$2+INT((COLUMN()-2)/8)+TIME(7+MOD((COLUMN()-2),8),0,0)))),NALOZI!$A$5:$A$304),"")) | G6: =IF(WEEKDAY($B$2+INT((COLUMN()-2)/8),2)>5,"",IFERROR(LOOKUP(2,1/((NALOZI!$E$5:$E$304="Arpel")*(NALOZI!$P$5:$P$304<=($B$2+INT((COLUMN()-2)/8)+TIME(7+MOD((COLUMN()-2),8),0,0)))*(NALOZI!$Q$5:$Q$304>($B$2+INT((COLUMN()-2)/8)+TIME(7+MOD((COLUMN()-2),8),0,0)))),NALOZI!$A$5:$A$304),"")) | H6: =IF(WEEKDAY($B$2+INT((COLUMN()-2)/8),2)>5,"",IFERROR(LOOKUP(2,1/((NALOZI!$E$5:$E$304="Arpel")*(NALOZI!$P$5:$P$304<=($B$2+INT((COLUMN()-2)/8)+TIME(7+MOD((COLUMN()-2),8),0,0)))*(NALOZI!$Q$5:$Q$304>($B$2+INT((COLUMN()-2)/8)+TIME(7+MOD((COLUMN()-2),8),0,0)))),NALOZI!$A$5:$A$304),"")) | I6: =IF(WEEKDAY($B$2+INT((COLUMN()-2)/8),2)>5,"",IFERROR(LOOKUP(2,1/((NALOZI!$E$5:$E$304="Arpel")*(NALOZI!$P$5:$P$304<=($B$2+INT((COLUMN()-2)/8)+TIME(7+MOD((COLUMN()-2),8),0,0)))*(NALOZI!$Q$5:$Q$304>($B$2+INT((COLUMN()-2)/8)+TIME(7+MOD((COLUMN()-2),8),0,0)))),NALOZI!$A$5:$A$304),"")) | ... BDI6: =IF(WEEKDAY($B$2+INT((COLUMN()-2)/8),2)>5,"",IFERROR(LOOKUP(2,1/((NALOZI!$E$5:$E$304="Arpel")*(NALOZI!$P$5:$P$304<=($B$2+INT((COLUMN()-2)/8)+TIME(7+MOD((COLUMN()-2),8),0,0)))*(NALOZI!$Q$5:$Q$304>($B$2+INT((COLUMN()-2)/8)+TIME(7+MOD((COLUMN()-2),8),0,0)))),NALOZI!$A$5:$A$304),""))
A7: Classica | B7: =IF(WEEKDAY($B$2+INT((COLUMN()-2)/8),2)>5,"",IFERROR(LOOKUP(2,1/((NALOZI!$E$5:$E$304="Classica")*(NALOZI!$P$5:$P$304<=($B$2+INT((COLUMN()-2)/8)+TIME(7+MOD((COLUMN()-2),8),0,0)))*(NALOZI!$Q$5:$Q$304>($B$2+INT((COLUMN()-2)/8)+TIME(7+MOD((COLUMN()-2),8),0,0)))),NALOZI!$A$5:$A$304),"")) | C7: =IF(WEEKDAY($B$2+INT((COLUMN()-2)/8),2)>5,"",IFERROR(LOOKUP(2,1/((NALOZI!$E$5:$E$304="Classica")*(NALOZI!$P$5:$P$304<=($B$2+INT((COLUMN()-2)/8)+TIME(7+MOD((COLUMN()-2),8),0,0)))*(NALOZI!$Q$5:$Q$304>($B$2+INT((COLUMN()-2)/8)+TIME(7+MOD((COLUMN()-2),8),0,0)))),NALOZI!$A$5:$A$304),"")) | D7: =IF(WEEKDAY($B$2+INT((COLUMN()-2)/8),2)>5,"",IFERROR(LOOKUP(2,1/((NALOZI!$E$5:$E$304="Classica")*(NALOZI!$P$5:$P$304<=($B$2+INT((COLUMN()-2)/8)+TIME(7+MOD((COLUMN()-2),8),0,0)))*(NALOZI!$Q$5:$Q$304>($B$2+INT((COLUMN()-2)/8)+TIME(7+MOD((COLUMN()-2),8),0,0)))),NALOZI!$A$5:$A$304),"")) | E7: =IF(WEEKDAY($B$2+INT((COLUMN()-2)/8),2)>5,"",IFERROR(LOOKUP(2,1/((NALOZI!$E$5:$E$304="Classica")*(NALOZI!$P$5:$P$304<=($B$2+INT((COLUMN()-2)/8)+TIME(7+MOD((COLUMN()-2),8),0,0)))*(NALOZI!$Q$5:$Q$304>($B$2+INT((COLUMN()-2)/8)+TIME(7+MOD((COLUMN()-2),8),0,0)))),NALOZI!$A$5:$A$304),"")) | F7: =IF(WEEKDAY($B$2+INT((COLUMN()-2)/8),2)>5,"",IFERROR(LOOKUP(2,1/((NALOZI!$E$5:$E$304="Classica")*(NALOZI!$P$5:$P$304<=($B$2+INT((COLUMN()-2)/8)+TIME(7+MOD((COLUMN()-2),8),0,0)))*(NALOZI!$Q$5:$Q$304>($B$2+INT((COLUMN()-2)/8)+TIME(7+MOD((COLUMN()-2),8),0,0)))),NALOZI!$A$5:$A$304),"")) | G7: =IF(WEEKDAY($B$2+INT((COLUMN()-2)/8),2)>5,"",IFERROR(LOOKUP(2,1/((NALOZI!$E$5:$E$304="Classica")*(NALOZI!$P$5:$P$304<=($B$2+INT((COLUMN()-2)/8)+TIME(7+MOD((COLUMN()-2),8),0,0)))*(NALOZI!$Q$5:$Q$304>($B$2+INT((COLUMN()-2)/8)+TIME(7+MOD((COLUMN()-2),8),0,0)))),NALOZI!$A$5:$A$304),"")) | H7: =IF(WEEKDAY($B$2+INT((COLUMN()-2)/8),2)>5,"",IFERROR(LOOKUP(2,1/((NALOZI!$E$5:$E$304="Classica")*(NALOZI!$P$5:$P$304<=($B$2+INT((COLUMN()-2)/8)+TIME(7+MOD((COLUMN()-2),8),0,0)))*(NALOZI!$Q$5:$Q$304>($B$2+INT((COLUMN()-2)/8)+TIME(7+MOD((COLUMN()-2),8),0,0)))),NALOZI!$A$5:$A$304),"")) | I7: =IF(WEEKDAY($B$2+INT((COLUMN()-2)/8),2)>5,"",IFERROR(LOOKUP(2,1/((NALOZI!$E$5:$E$304="Classica")*(NALOZI!$P$5:$P$304<=($B$2+INT((COLUMN()-2)/8)+TIME(7+MOD((COLUMN()-2),8),0,0)))*(NALOZI!$Q$5:$Q$304>($B$2+INT((COLUMN()-2)/8)+TIME(7+MOD((COLUMN()-2),8),0,0)))),NALOZI!$A$5:$A$304),"")) | ... BDI7: =IF(WEEKDAY($B$2+INT((COLUMN()-2)/8),2)>5,"",IFERROR(LOOKUP(2,1/((NALOZI!$E$5:$E$304="Classica")*(NALOZI!$P$5:$P$304<=($B$2+INT((COLUMN()-2)/8)+TIME(7+MOD((COLUMN()-2),8),0,0)))*(NALOZI!$Q$5:$Q$304>($B$2+INT((COLUMN()-2)/8)+TIME(7+MOD((COLUMN()-2),8),0,0)))),NALOZI!$A$5:$A$304),""))
A8: CNC nož | B8: =IF(WEEKDAY($B$2+INT((COLUMN()-2)/8),2)>5,"",IFERROR(LOOKUP(2,1/((NALOZI!$E$5:$E$304="CNC nož")*(NALOZI!$P$5:$P$304<=($B$2+INT((COLUMN()-2)/8)+TIME(7+MOD((COLUMN()-2),8),0,0)))*(NALOZI!$Q$5:$Q$304>($B$2+INT((COLUMN()-2)/8)+TIME(7+MOD((COLUMN()-2),8),0,0)))),NALOZI!$A$5:$A$304),"")) | C8: =IF(WEEKDAY($B$2+INT((COLUMN()-2)/8),2)>5,"",IFERROR(LOOKUP(2,1/((NALOZI!$E$5:$E$304="CNC nož")*(NALOZI!$P$5:$P$304<=($B$2+INT((COLUMN()-2)/8)+TIME(7+MOD((COLUMN()-2),8),0,0)))*(NALOZI!$Q$5:$Q$304>($B$2+INT((COLUMN()-2)/8)+TIME(7+MOD((COLUMN()-2),8),0,0)))),NALOZI!$A$5:$A$304),"")) | D8: =IF(WEEKDAY($B$2+INT((COLUMN()-2)/8),2)>5,"",IFERROR(LOOKUP(2,1/((NALOZI!$E$5:$E$304="CNC nož")*(NALOZI!$P$5:$P$304<=($B$2+INT((COLUMN()-2)/8)+TIME(7+MOD((COLUMN()-2),8),0,0)))*(NALOZI!$Q$5:$Q$304>($B$2+INT((COLUMN()-2)/8)+TIME(7+MOD((COLUMN()-2),8),0,0)))),NALOZI!$A$5:$A$304),"")) | E8: =IF(WEEKDAY($B$2+INT((COLUMN()-2)/8),2)>5,"",IFERROR(LOOKUP(2,1/((NALOZI!$E$5:$E$304="CNC nož")*(NALOZI!$P$5:$P$304<=($B$2+INT((COLUMN()-2)/8)+TIME(7+MOD((COLUMN()-2),8),0,0)))*(NALOZI!$Q$5:$Q$304>($B$2+INT((COLUMN()-2)/8)+TIME(7+MOD((COLUMN()-2),8),0,0)))),NALOZI!$A$5:$A$304),"")) | F8: =IF(WEEKDAY($B$2+INT((COLUMN()-2)/8),2)>5,"",IFERROR(LOOKUP(2,1/((NALOZI!$E$5:$E$304="CNC nož")*(NALOZI!$P$5:$P$304<=($B$2+INT((COLUMN()-2)/8)+TIME(7+MOD((COLUMN()-2),8),0,0)))*(NALOZI!$Q$5:$Q$304>($B$2+INT((COLUMN()-2)/8)+TIME(7+MOD((COLUMN()-2),8),0,0)))),NALOZI!$A$5:$A$304),"")) | G8: =IF(WEEKDAY($B$2+INT((COLUMN()-2)/8),2)>5,"",IFERROR(LOOKUP(2,1/((NALOZI!$E$5:$E$304="CNC nož")*(NALOZI!$P$5:$P$304<=($B$2+INT((COLUMN()-2)/8)+TIME(7+MOD((COLUMN()-2),8),0,0)))*(NALOZI!$Q$5:$Q$304>($B$2+INT((COLUMN()-2)/8)+TIME(7+MOD((COLUMN()-2),8),0,0)))),NALOZI!$A$5:$A$304),"")) | H8: =IF(WEEKDAY($B$2+INT((COLUMN()-2)/8),2)>5,"",IFERROR(LOOKUP(2,1/((NALOZI!$E$5:$E$304="CNC nož")*(NALOZI!$P$5:$P$304<=($B$2+INT((COLUMN()-2)/8)+TIME(7+MOD((COLUMN()-2),8),0,0)))*(NALOZI!$Q$5:$Q$304>($B$2+INT((COLUMN()-2)/8)+TIME(7+MOD((COLUMN()-2),8),0,0)))),NALOZI!$A$5:$A$304),"")) | I8: =IF(WEEKDAY($B$2+INT((COLUMN()-2)/8),2)>5,"",IFERROR(LOOKUP(2,1/((NALOZI!$E$5:$E$304="CNC nož")*(NALOZI!$P$5:$P$304<=($B$2+INT((COLUMN()-2)/8)+TIME(7+MOD((COLUMN()-2),8),0,0)))*(NALOZI!$Q$5:$Q$304>($B$2+INT((COLUMN()-2)/8)+TIME(7+MOD((COLUMN()-2),8),0,0)))),NALOZI!$A$5:$A$304),"")) | ... BDI8: =IF(WEEKDAY($B$2+INT((COLUMN()-2)/8),2)>5,"",IFERROR(LOOKUP(2,1/((NALOZI!$E$5:$E$304="CNC nož")*(NALOZI!$P$5:$P$304<=($B$2+INT((COLUMN()-2)/8)+TIME(7+MOD((COLUMN()-2),8),0,0)))*(NALOZI!$Q$5:$Q$304>($B$2+INT((COLUMN()-2)/8)+TIME(7+MOD((COLUMN()-2),8),0,0)))),NALOZI!$A$5:$A$304),""))
D10: NAPOMENA: - Unesi ili ŽELJENI REDOSLIJED ili NAJRANIJI POČETAK. - ŽELJENI REDOSLIJED radi po stroju zasebno. - NAJRANIJI POČETAK postavlja start u 07:00 tog datuma. - Vikendi su sivi i ne planiraju se. - IZVEDBA: PLANIRAN → U TIJEKU → ZAVRŠEN.
A15: KONTROLA
A16: Preklapanja: | B16: =COUNTIF(NALOZI!M5:M304,"PREKLAPANJE")
A17: Ukupno sati Arpel: | B17: =SUMIF(NALOZI!E5:E304,"Arpel",NALOZI!F5:F304)
A18: Ukupno sati Classica: | B18: =SUMIF(NALOZI!E5:E304,"Classica",NALOZI!F5:F304)
A19: Ukupno sati CNC nož: | B19: =SUMIF(NALOZI!E5:E304,"CNC nož",NALOZI!F5:F304)
